FE_match,ham,path,row_tag,tag_q,verified
True,0,images/0.07180100_1442390923_.jpg,97057546884f988e0888b3bcd2f4e22fdce9764c162d3e02e80c756f3a100b57,97057546884f988e0888b3bcd2f4e22fdce9764c162d3e02e80c756f3a100b57,True
True,1,images/0.07180100_1442390923_stegano.jpg,1f69538518666a149a280f57e4ae168d887ffefdef64c289cdb02560e7c0cedd,1f69538518666a149a280f57e4ae168d887ffefdef64c289cdb02560e7c0cedd,True
True,9,images/0.07180100_1442390923_changed.jpg,cb20bdfdf1c5f1a59311503f04180cdf33a600eb889f2408330952a5102f2f80,cb20bdfdf1c5f1a59311503f04180cdf33a600eb889f2408330952a5102f2f80,True
False,69,images/a5f17e0b3dd5ed56bf5744f600b5c28b.jpg,bb4da10a95ff3850801f0c7691bf327bed63a546cc9709bdb78296b11f9acca7,74f02de15eb80cef1b663fbb2caf6389f7d8b08d8544942df7b195167d659b20,False
False,86,images/a-golden-bedroom-with-a-feng-shui-glow.jpg,7078e4db550fc9ce71b267dff81b49363087b07e9b16309a359031ea72793be9,18ba84769ff71ff37e549f7e14cb6ae2fde4ea5c55b4ba25c412e677a481a72d,False
